Ticker,Nome,Setor,SubSetor,Segmento,Preco_Atual,Valor_Mercado,Volume,Qtd_Acoes,DY_Atual,P_L,P_VP,P_Receita,P_Ativo,P_Cap_Giro,P_Ativo_Circ_Liq,P_EBIT,P_EBITDA,EV_EBIT,EV_EBITDA,ROE,ROA,ROIC,Giro_Ativos,Margem_Bruta,Margem_EBITDA,Margem_EBIT,Margem_Liquida,Div_Liq_Ativos,Div_Liq_EBIT,Div_Liq_EBITDA,Liquidez_Corrente,Passivos_Ativos,PL_Ativos,CAGR_Receitas_5a,CAGR_Lucros_5a,Receita_Liquida,Lucro_Liquido,EBIT,Div_0A,Div_1A,Div_2A,Div_3A,Div_4A,Div_5A,Div_6A,Consistencia_5A,Score_CS,Classificacao_CS,Graham,GrahamBR,Bazin,Lynch,Agf,Graham_dif,GrahamBR_dif,Bazin_dif,Lynch_dif,Agf_dif,VPA,change,closingPrice,LPA,eps,high,lastYearHigh,lastYearLow,low,pe,priceOpen,priceToSalesRatio,volumeAvg
AALR3,Allianca Saude e Participacoes SA,Saúde,Serv.Méd.Hospit..Análises e Diagnósticos,Serv.Méd.Hospit..Análises e Diagnósticos,3.3,972598755.0,64600.0,152359482.0,0.0,-0.37,-1.99,0.440078,0.28,-0.4,-0.39,-0.48,-0.58,-0.82,-0.98,-544.08,-77.21,-547.76,0.65,20.76,-75.7,-90.34,-118.94,0.0,-0.34,-0.4,0.28,1.14,-0.14,4.43,0.0,2210059932.5574102,-2628645283.783784,-2026247406.25,0.0,0.0,0.0,0.0,0.0,0.0,0.0873,0.0,0,Pessimo,18.34,14.98,0.0,-9.01,0.24,455.9,353.89,-100.0,-373.03,-92.65,-1.66,0.0,3.3,-9.01,-8.93,3.3,6.82,2.36,3.16,0.0,3.3,0.44,49827
ABCB4,Banco ABC Brasil SA,Financeiro e Outros,Intermediários Financeiros,Bancos,29.56,3954146536.0,1055800.0,129510368.0,10.98,6.28,0.88,0.9838797226278327,0.09,-0.1,-2.0,5.12,0.0,5.12,0.0,14.05,1.5,0.0,0.12,17.07,0.0,15.46,12.6,0.0,0.0,0.0,0.19,0.89,0.11,28.96,24.52,4018932848.2539682,506385538.88,772294245.3125,2.7,1.946,1.526,1.206,1.279,1.0022,0.6497,5.0,1,Pessimo,49.5,40.42,54.09,4.87,21.14,67.45,36.72,83.0,-83.53,-28.5,27.85,0.0,29.56,3.91,4.39,29.56,29.56,18.72,28.68,6.73,28.77,0.79,678733
ABEV3,Ambev SA,Consumo não Cíclico,Bebidas,Cervejas e Refrigerantes,15.99,247599709855.0,41224400.0,15484664889.0,7.49,15.0,2.76,2.8035790746806994,1.76,-2.49,285.83,10.1,6.94,9.46,6.5,18.4,11.76,21.55,0.64,51.9,39.8,27.34,18.41,-0.17,-0.64,-0.44,1.02,0.36,0.64,8.61,7.38,88315579214.82889,16258898133.45,24514822757.92079,0.269,1.2679,0.2448,0.7302,0.7623,0.6803,0.4137,5.0,1,Pessimo,11.6,9.47,19.96,1.13,11.39,-27.43,-40.74,24.83,-92.95,-28.79,5.7,0.0,15.99,1.05,1.04,16.24,16.94,11.04,15.88,15.42,16.21,2.76,30775123
AERI3,Aeris ndstr  Cmrc d qpmnts pr Grc d nrg,Bens Industriais,Máquinas e Equipamentos,Máq. e Equip. Industriais,2.07,128588789.0,10800.0,62120196.0,0.0,-0.14,-0.13,0.24446800000000005,0.08,-0.11,-0.34,-0.26,-0.48,-4.22,-7.73,-93.29,-59.65,-66.41,0.34,-5.34,-50.55,-92.65,-174.62,0.0,-3.95,-7.25,0.52,1.64,-0.64,-19.51,0.0,525994359.1799335,-918491349.9999999,-494572265.38461536,0.0,0.0,0.0,0.0,0.414,0.0,0.0,1.0,0,Pessimo,72.93,59.55,0.0,-14.85,1.15,3423.35,2776.8,-100.0,-817.39,-44.44,-15.92,0.0,2.07,-14.85,-15.04,2.08,4.3,2.0,2.06,0.0,2.07,0.24,47610
AFLT3,Afluente Transmissao de Energia Eltrc SA,Utilidade Pública,Energia Elétrica,Energia Elétrica,7.0,441592900.0,4200.0,63084700.0,7.04,13.07,1.91,6.874736842105262,1.26,-2.0,7.46,10.46,0.0,9.82,0.0,14.63,9.66,13.09,0.17,79.2,0.0,69.95,55.98,-0.12,-0.64,0.0,1.85,0.34,0.66,6.47,13.77,64234153.269024655,35958279.0,42217294.45506692,0.5199,0.4292,0.5824,0.2626,0.2362,0.6301,0.7228,5.0,1,Pessimo,7.04,5.74,8.21,0.65,7.95,0.51,-17.93,17.33,-90.74,13.62,3.86,0.0,7.0,0.57,0.56,7.21,8.16,6.22,7.0,12.45,7.1,7.32,507
AGRO3,BrasilAgro - Companhia Brslr d Prprd Agr,Consumo não Cíclico,Agropecuária,Agricultura,19.27,1978709165.0,303500.0,102683444.0,3.91,-133.82,0.97,2.060828,0.52,-0.76,5.13,-117.3,10.4,-197.32,17.49,-0.72,-0.39,-3.64,0.25,12.72,19.85,-1.76,-1.54,0.66,-80.02,7.09,1.47,0.47,0.53,10.7,0.0,960152504.2361615,-14786348.565236887,-16868790.835464623,0.0,0.7529,1.556,3.2124,5.255,2.6212,0.7097,5.0,1,Pessimo,0.0,0.0,12.56,-0.14,39.19,-100.0,-100.0,-34.83,-100.73,103.36,19.88,0.63,19.15,-0.14,-0.16,19.61,22.75,17.86,18.82,0.0,19.16,2.06,111943
AGXY3,Agrogalaxy Participacoes SA em Recupera,Consumo não Cíclico,Agropecuária,Agricultura,1.33,26364856.0,47400.0,18969571.0,0.0,0.02,-0.14,0.01573321742996393,0.01,-0.02,0.05,0.04,0.03,1.4,1.12,-661.54,55.38,83.66,0.79,-1.14,49.78,39.74,70.06,0.0,1.36,1.09,2.19,1.08,-0.08,24.29,123.15,1675744717.6562946,1174026749.19,659121400.0,0.0,0.0,0.0,0.0,2.518,0.0,0.0,1.0,0,Pessimo,0.0,0.0,0.0,138.11,6.99,-100.0,-100.0,-100.0,10284.03,425.9,-9.36,0.0,1.33,61.89,-58.12,1.37,6.07,1.27,1.27,0.0,1.34,0.02,27400
AHEB3,Sao Paulo Turismo SA,Consumo Cíclico,Viagens e Lazer,Produção de Eventos e Shows,23.0,200993895.0,200.0,8407877.0,0.0,4.06,0.68,0.4028958973501266,0.36,-0.65,1.1,3.35,3.08,1.83,1.68,16.64,8.87,14.64,0.9,17.63,13.07,12.02,9.91,-0.32,-1.59,-1.46,3.83,0.47,0.53,21.7,0.0,498873024.82341063,49438316.76,59998177.611940295,0.0,0.0,0.0,0.0,0.0,0.0,0.0,0.0,0,Pessimo,68.4,55.85,0.0,5.88,0.0,197.38,142.81,-100.0,-74.43,-100.0,35.36,0.0,23.0,5.88,5.88,23.0,27.5,21.5,23.0,3.91,23.0,0.4,10
AHEB5,Sao Paulo Turismo Class Pref Shs Class A,Consumo Cíclico,Viagens e Lazer,Produção de Eventos e Shows,58.0,208480200.0,0.0,45022.0,0.0,9.86,1.64,78.04343205453299,0.88,-1.57,2.67,8.13,7.48,1.83,1.68,16.64,8.87,14.64,0.9,17.63,13.07,12.02,9.91,-0.32,-1.59,-1.46,3.83,0.47,0.53,21.7,0.0,2671335.620585267,264729.36,25643321.03321033,0.0,0.0,0.0,0.0,0.0,0.0,0.0,0.0,0,Pessimo,68.4,55.85,0.0,5.88,0.0,17.93,-3.71,-100.0,-89.86,-100.0,35.36,0.0,58.0,5.88,5.88,0.0,58.0,58.0,0.0,9.86,0.0,0.98,0
AHEB6,Sao Paulo Turismo Class Pref Shs Class B,Consumo Cíclico,Viagens e Lazer,Produção de Eventos e Shows,55.0,208480200.0,0.0,90995.0,0.0,9.35,1.56,38.613895246543045,0.83,-1.49,2.54,7.71,7.09,1.83,1.68,16.64,8.87,14.64,0.9,17.63,13.07,12.02,9.91,-0.32,-1.59,-1.46,3.83,0.47,0.53,21.7,0.0,5399097.880928354,535050.6,27040233.46303502,0.0,0.0,0.0,0.0,0.0,0.0,0.0,0.0,0,Pessimo,68.4,55.85,0.0,5.88,0.0,24.36,1.54,-100.0,-89.31,-100.0,35.36,0.0,55.0,5.88,5.88,0.0,55.0,55.0,0.0,9.35,0.0,0.93,0
ALLD3,Allied Tecnologia SA,Consumo Cíclico,Comércio,Eletrodomésticos,6.22,596880758.0,16099900.0,95961536.0,8.11,1.37,0.32,0.10794497428283531,0.14,-0.54,0.48,0.93,0.7,1.0,0.75,23.06,10.23,18.17,1.56,11.99,12.9,9.7,6.56,0.02,0.07,0.05,1.66,0.56,0.44,3.11,16.71,5529490946.341464,362734606.08,641807266.6666666,0.4208,3.2843,1.5525,0.354,0.571,0.761,0.0,5.0,1,Pessimo,37.35,30.49,8.41,4.41,18.12,500.44,390.26,35.17,-29.07,191.3,16.4,0.0,6.22,3.78,3.63,6.39,7.3,3.92,5.48,1.71,5.5,0.09,1123930
ALOS3,Allos SA,Financeiro e Outros,Exploração de Imóveis,Exploração de Imóveis,35.83,18065164453.0,9069000.0,504190947.0,10.86,15.54,1.13,6.247978273304588,0.57,-0.67,5.1,9.61,7.06,7.49,5.51,7.27,3.64,9.63,0.11,72.95,71.0,52.17,32.26,-0.25,-2.12,-1.56,3.56,0.5,0.5,29.09,40.77,2891361599.349039,932753251.95,1879829807.8043706,2.6301,1.4124,0.8476,0.2595,0.3839,0.2264,0.0,5.0,1,Pessimo,32.57,26.6,64.85,2.6,8.69,-9.09,-25.77,81.0,-92.73,-75.74,25.49,0.0,35.83,1.85,1.96,36.1,36.1,20.85,35.27,18.31,35.4,5.01,6608540
ALPA3,Alpargatas SA,Consumo Cíclico,Tecidos. Vestuário e Calçados,Calçados,11.82,9851888362.0,11300.0,339510689.0,4.82,9.94,1.92,4.09067919165656,1.11,-2.14,4.81,9.01,5.95,11.22,7.41,19.37,11.15,15.17,0.77,52.96,24.24,16.02,14.52,0.15,0.71,0.47,1.91,0.42,0.58,6.29,37.98,2408374722.245179,349696009.67,1093439329.855716,0.1489,1.6935,0.0,0.0,0.1483,0.2472,0.0502,3.0,1,Pessimo,11.08,9.05,9.5,1.42,5.94,-6.24,-23.44,-19.67,-87.98,-49.73,5.3,0.0,11.82,1.03,1.01,12.23,13.49,7.81,11.78,11.67,11.78,1.44,12543
ALPA4,Alpargatas SA Preference Shares,Consumo Cíclico,Tecidos. Vestuário e Calçados,Calçados,16.67,9851888362.0,4471100.0,343551533.0,3.99,13.22,2.56,4.042564731729144,1.47,-2.85,6.41,11.99,7.92,11.22,7.41,19.37,11.15,15.17,0.77,52.96,24.24,16.02,14.52,0.15,0.71,0.47,1.91,0.42,0.58,6.29,37.98,2437039111.5013776,353858078.99,821675426.355296,0.1638,1.7375,0.0,0.0,0.1632,0.2719,0.0552,3.0,1,Pessimo,11.08,9.05,11.09,1.42,6.19,-33.52,-45.72,-33.5,-91.47,-62.88,5.3,0.0,16.67,1.03,1.01,16.88,16.88,7.96,15.98,16.46,16.01,1.92,2676027
ALPK3,Allpark Empreendimentos Prtcpcs Srvcs SA,Bens Industriais,Serviços,Serviços Diversos,6.05,1326798921.0,281800.0,219305733.0,0.17,59.08,2.69,0.6276871387295196,0.39,-0.47,-5.98,3.56,0.0,7.96,0.0,4.55,0.66,14.47,0.79,30.06,0.0,13.84,0.83,3.32,4.4,0.0,0.73,0.85,0.14,23.59,0.0,2113790197.5903616,17544458.64,372696326.1235955,0.0077,0.0,0.0,0.0,0.0,0.0,0.0,0.0,0,Pessimo,1.74,1.42,0.17,0.08,0.0,-71.26,-76.53,-97.17,-98.68,-100.0,1.68,0.0,6.05,0.08,0.07,6.05,6.05,3.31,5.65,82.56,5.75,0.49,144000
ALUP11,Alupar Investimento SA Unit,Utilidade Pública,Energia Elétrica,Energia Elétrica,39.72,13092772926.0,3435300.0,0.0,3.21,8.0,1.15,2.2144,0.31,-0.42,1.84,3.23,3.41,6.01,6.34,14.38,3.91,10.42,0.14,65.85,64.88,68.45,27.68,0.99,2.78,2.93,3.17,0.62,0.27,-6.46,8.04,5912560027.998555,1636596615.75,4053490069.9690404,1.08,0.9,1.29,1.68,0.78,0.54,0.69,5.0,1,Pessimo,52.64,42.98,21.25,4.55,16.33,32.52,8.2,-46.5,-88.55,-58.88,29.25,0.0,39.72,4.21,12.62,40.95,40.95,29.53,39.23,3.15,39.23,2.21,1216523
ALUP3,Alupar Investimento SA,Utilidade Pública,Energia Elétrica,Energia Elétrica,14.19,13092772926.0,6700.0,671494278.0,3.09,8.32,1.2,3.855026516076178,0.33,-0.43,1.91,3.36,3.55,6.01,6.34,14.38,3.91,10.42,0.14,65.85,64.88,68.45,27.68,0.99,2.78,2.93,3.17,0.62,0.27,-6.46,8.04,3396286088.150289,940091989.1999999,3896658608.9285717,0.36,0.3,0.43,0.56,0.26,0.18,0.23,5.0,1,Pessimo,17.52,14.31,7.31,1.51,5.44,23.5,0.84,-48.5,-89.34,-61.63,9.75,0.0,14.19,1.4,12.62,14.62,14.62,10.19,13.8,1.12,14.09,2.3,8560
ALUP4,Alupar Investimento SA Preference Shares,Utilidade Pública,Energia Elétrica,Energia Elétrica,12.6,13092772926.0,15100.0,317386323.0,3.3,7.79,1.12,8.156080018241456,0.3,-0.41,1.79,3.15,3.32,6.01,6.34,14.38,3.91,10.42,0.14,65.85,64.88,68.45,27.68,0.99,2.78,2.93,3.17,0.62,0.27,-6.46,8.04,1605277645.2312138,444340852.2,4156435849.5238094,0.36,0.23,0.43,0.56,0.26,0.18,0.23,5.0,1,Pessimo,17.52,14.31,6.93,1.51,5.25,39.09,13.56,-45.0,-88.0,-58.33,9.75,0.0,12.6,1.4,12.62,13.26,13.26,9.19,12.4,1.0,12.4,2.16,14383
AMAR3,Marisa Lojas SA,Consumo Cíclico,Comércio,Tecidos. Vestuário e Calçados,0.8,410812966.0,185200.0,513516302.0,0.0,-1.8,6.74,0.28115999999999997,0.2,-0.29,-1.59,3.45,2.22,10.39,6.7,-375.31,-10.98,11.11,0.7,52.53,12.64,8.15,-15.62,13.58,6.94,4.47,0.71,0.97,0.03,-7.06,0.0,1461135887.0394082,-228229425.55555555,119076222.0289855,0.0,0.0,0.0,0.0,0.0,0.0,0.0,0.0,0,Pessimo,0.0,0.0,0.0,-0.45,0.0,-100.0,-100.0,-100.0,-156.25,-100.0,0.12,0.0,0.8,-0.45,-0.45,0.8,1.34,0.45,0.76,0.0,0.79,0.28,388327
AMBP3,Ambipar Participacoes e Empreendmnts SA,Utilidade Pública,Água e Saneamento,Água e Saneamento,0.14,233858520.0,884600.0,1670418690.0,0.0,-0.91,0.21,0.032214,0.01,-0.02,0.05,0.19,0.11,5.24,3.04,-23.47,-1.52,8.91,0.43,18.22,29.92,17.36,-3.54,5.81,5.06,2.93,2.72,0.87,0.06,67.64,0.0,7259530638.852673,-256987384.6153846,1230834315.7894738,0.0,0.0,0.0,0.0134,0.0303,0.0094,0.0,3.0,1,Pessimo,0.0,0.0,0.0,-0.15,0.15,-100.0,-100.0,-100.0,-207.14,5.36,0.65,0.0,0.14,-0.15,0.0,0.14,14.3,0.14,0.14,0.0,0.14,0.03,4398793
AMER3,Americanas SA - Em Recuperacao Judicial,Consumo Cíclico,Comércio,Produtos Diversos,6.6,1321618300.0,2173700.0,200245299.0,0.0,2.94,0.27,0.11209518097973442,0.08,-0.13,0.43,4.41,0.81,11.14,2.03,9.1,2.6,1.78,0.81,25.59,11.7,2.14,3.21,0.41,6.73,1.23,1.7,0.71,0.29,3.98,0.0,11790143772.897196,378463615.10999995,299686689.3424036,0.0,0.0,0.0,0.0,62.0963,0.0,0.0,1.0,0,Pessimo,29.71,24.25,0.0,1.89,172.49,350.08,267.49,-100.0,-71.36,2513.48,20.75,0.0,6.6,1.89,0.67,6.6,7.89,3.37,6.11,9.83,6.17,0.09,1741010
AMOB3,Automob Participacoes SA,Petróleo. Gás e Biocombustíveis,Petróleo. Gás e Biocombustíveis,Equipamentos e Serviços,12.4,469787005.0,5100.0,37886057.0,0.0,0.0,0.0,0.0,0.0,0.0,0.0,0.0,0.0,0.0,0.0,-2595.29,-6030.26,2660.36,104.73,3.6,0.0,-46.82,-57.58,0.0,-0.01,0.0,0.19,3.32,-2.32,0.0,0.0,0.0,0.0,0.0,0.0,0.0,0.0,0.0,0.0,0.0,0.0,0.0,0,Pessimo,0.0,0.0,0.0,0.0,0.0,-100.0,-100.0,-100.0,-100.0,-100.0,0.0,0.0,12.4,0.0,-8.1,12.4,15.76,10.59,11.7,0.0,11.9,0.0,26353
ANIM3,Anima Holding SA,Consumo Cíclico,Diversos,Serviços Educacionais,5.29,2136465407.0,19448300.0,403868805.0,2.77,7.69,0.49,0.5164709144887834,0.11,-0.15,1.3,1.11,1.08,5.03,4.9,6.36,1.45,11.91,0.39,63.39,26.47,25.75,3.71,1.74,3.93,3.82,1.49,0.72,0.23,23.12,0.0,4136661614.555256,153470145.9,1924743609.9099097,0.0813,0.0535,0.4713,0.0,0.0,0.0,0.0,2.0,0,Pessimo,7.16,5.84,2.44,0.38,1.46,35.28,10.46,-53.83,-92.82,-72.44,5.99,0.0,5.29,0.38,0.41,5.3,5.3,1.92,4.7,12.99,4.7,0.29,7192340
ARML3,Armac Locacao Logistica e Servicos SA,Bens Industriais,Máquinas e Equipamentos,Máq. e Equip. Industriais,6.48,2245281126.0,3244700.0,346494097.0,13.98,21.47,0.97,1.1195996895631577,0.22,-0.33,1.45,2.72,1.29,7.62,3.6,4.51,1.04,8.19,0.34,31.83,51.91,24.55,3.11,1.74,4.9,2.32,1.89,0.74,0.23,76.15,28.73,2005432072.6688104,62368937.46,825471002.2058823,0.4742,0.0751,0.2428,0.1187,0.288,0.0673,0.0,5.0,1,Pessimo,4.01,3.27,15.1,0.23,2.2,-38.12,-49.48,133.0,-96.42,-66.05,3.97,0.0,6.48,0.18,0.24,6.79,6.79,2.64,5.95,27.38,5.95,0.67,1322247
ASAI3,Sendas Distribuidora SA,Consumo não Cíclico,Comércio e Distribuição,Alimentos,13.27,17972795729.0,27967800.0,1354393401.0,1.15,12.74,1.94,0.231757685843498,0.26,-0.42,6.52,2.8,2.0,5.49,3.92,15.21,2.07,19.12,1.66,18.05,7.93,5.66,1.24,1.86,2.69,1.92,1.12,0.86,0.14,16.49,-7.15,77549944734.67741,961619314.7099999,6418855617.5,0.1043,0.1072,0.0,0.0871,0.125,0.1103,0.0,4.0,1,Pessimo,8.66,7.07,2.54,0.66,1.19,-34.77,-46.74,-80.83,-95.03,-91.01,4.69,0.0,13.27,0.71,0.72,13.8,13.8,6.91,13.26,18.5,13.4,0.16,16922083
ATED3,Atom Educacao e Editora Ord Shs,,,,1.17,0.0,7100.0,23804898.0,0.0,0.0,0.0,0.0,0.0,0.0,0.0,0.0,0.0,0.0,0.0,0.0,0.0,0.0,0.0,0.0,0.0,0.0,0.0,0.0,0.0,0.0,0.0,0.0,0.0,0.0,0.0,0.0,0.0,0.0,0.0,0.0,0.0,0.0,0.0,0.0,0.0,0.0,0,Pessimo,0.0,0.0,0.0,0.0,0.0,-100.0,-100.0,-100.0,-100.0,-100.0,0.0,0.0,1.17,0.0,0.0,1.18,2.51,1.05,1.1,0.0,1.17,0.0,7540
AURA33,Aura Minerals Bdr,Materiais Básicos,Mineração,Minerais Metálicos,145.1,7118586391.0,534961.0,83836843.0,1.68,-62.76,19.71,0.0,3.26,-4.78,-380.49,11.36,0.0,11.7,0.0,64.46,17.26,60.28,0.77,60.05,0.0,52.95,22.42,0.42,0.28,0.0,1.06,0.73,0.27,26.63,31.66,0.0,-113425532.04270236,626636125.9683099,0.0,2.7167,1.0675,0.883,0.243,2.1853,0.0,5.0,1,Pessimo,0.0,0.0,40.63,-2.78,19.71,-100.0,-100.0,-72.0,-101.91,-86.42,6.73,0.0,145.1,-2.11,0.0,146.36,179.29,47.85,140.55,0.0,144.0,5.64,976105
AURE3,Auren Energia SA,Utilidade Pública,Energia Elétrica,Energia Elétrica,12.0,12604536000.0,3600200.0,1050377974.0,0.0,-11.57,1.1,0.9360130000000001,0.27,-0.32,15.93,7.86,4.11,20.33,10.65,-9.47,-2.33,4.02,0.29,13.06,22.75,11.91,-8.09,1.74,12.48,6.53,1.12,0.73,0.25,41.69,0.0,13466197584.862602,-1089415384.6153846,1603630534.351145,0.0,0.057,0.4,3.0,0.1,0.0,0.0,4.0,1,Pessimo,0.0,0.0,0.0,-1.04,9.88,-100.0,-100.0,-100.0,-108.67,-17.66,10.96,0.08,11.99,-1.04,-1.04,12.0,14.66,9.95,11.41,0.0,11.63,0.94,3192863
AVLL3,Alphaville SA,Consumo Cíclico,Construção Civil,Incorporações,6.9,53911087.0,0.0,7813202.0,0.0,-0.5,-0.22,0.09515000000000001,0.04,-0.07,-0.6,0.43,1.21,5.29,15.01,-44.46,-8.42,19.33,0.44,35.35,7.86,22.3,-19.03,0.0,4.87,13.8,0.85,1.17,-0.19,26.55,0.0,566590509.7214923,-107822174.0,125374620.93023255,0.0,0.0,0.0,0.0,0.0,0.0,0.0,0.0,0,Pessimo,98.11,80.1,0.0,-13.79,0.0,1321.82,1060.91,-100.0,-299.86,-100.0,-31.02,0.0,6.9,-13.79,-15.9,0.0,44.5,6.22,0.0,0.0,0.0,0.1,397
AZEV3,Azevedo & Travassos SA,Bens Industriais,Construção e Engenharia,Construção Pesada,8.39,346385436.0,1116300.0,37899458.0,0.0,-1.41,2.25,1.7020109999999995,0.61,-0.95,-7.47,-2.02,-26.65,-1.3,-17.24,-160.34,-43.39,-86.96,0.36,18.48,-6.37,-84.17,-120.71,0.43,-0.39,-5.13,0.81,0.73,0.27,68.75,0.0,203515392.08618516,-245663429.78723407,-171477938.61386138,0.0,0.0,0.0,0.0,0.0,0.0,0.0,0.0,0,Pessimo,0.0,0.0,0.0,-5.97,0.0,-100.0,-100.0,-100.0,-171.16,-100.0,3.72,1.08,8.3,-5.97,-22.43,9.45,15.0,1.23,8.23,0.0,8.8,1.7,1793003
AZEV4,Azevedo & Travassos SA Preference Shares,Bens Industriais,Construção e Engenharia,Construção Pesada,1.45,346385436.0,2669400.0,73325687.0,0.0,-0.24,0.39,0.28970399999999996,0.11,-0.16,-1.29,-0.35,-4.61,-1.3,-17.24,-160.34,-43.39,-86.96,0.36,18.48,-6.37,-84.17,-120.71,0.43,-0.39,-5.13,0.81,0.73,0.27,68.75,0.0,1195652928.5063376,-1443272650.0,-989672674.2857144,0.0,0.0,0.0,0.0,0.0,0.0,0.0,0.0,0,Pessimo,0.0,0.0,0.0,-5.97,0.0,-100.0,-100.0,-100.0,-511.72,-100.0,3.72,0.69,1.44,-5.97,-22.43,1.54,8.18,1.15,1.44,0.0,1.52,0.29,6667487
AZTE3,Azevedo e Travassos Energia Ord Shs,Materiais Básicos,Químicos,Petroquímicos,1.47,0.0,1020800.0,40011514.0,0.0,0.0,0.0,0.0,0.0,0.0,0.0,0.0,0.0,0.0,0.0,0.0,0.0,0.0,0.0,0.0,0.0,0.0,0.0,0.0,0.0,0.0,0.0,0.0,0.0,0.0,0.0,0.0,0.0,0.0,0.0,0.0,0.0,0.0,0.0,0.0,0.0,0.0,0,Pessimo,0.0,0.0,0.0,0.0,0.0,-100.0,-100.0,-100.0,-100.0,-100.0,0.0,1.38,1.45,0.0,0.0,1.54,5.7,1.05,1.45,0.0,1.53,0.0,1680960
AZZA3,Azzas 2154 SA,Consumo Cíclico,Comércio,Tecidos. Vestuário e Calçados,26.2,5410032917.0,5260900.0,206489813.0,14.0,11.27,0.45,0.4756050794008169,0.24,-0.43,1.01,4.81,3.38,7.61,5.36,4.03,2.15,2.71,0.76,54.6,9.5,6.69,2.85,0.27,2.81,1.97,2.26,0.47,0.53,49.34,46.17,11375052856.491228,324189006.41,1124746968.1912682,0.0,2.4762,1.1159,2.6776,1.6929,0.3246,0.8056,5.0,1,Pessimo,37.09,30.28,61.13,2.29,25.26,41.56,15.58,133.33,-91.24,-3.6,38.94,0.0,26.2,1.57,1.58,26.58,28.86,14.3,24.98,16.61,25.61,0.32,4641020
B3SA3,B3 SA Brasil Bolsa Balcao,Financeiro e Outros,Serviços Financeiros Diversos,Serviços Financeiros Diversos,23.35,117835753575.0,63980100.0,5046500000.0,3.5,16.45,4.69,9.78276708921324,1.79,-2.93,9.63,12.1,8.57,11.88,8.42,28.49,10.89,7.96,0.25,89.8,85.23,60.38,44.41,-0.08,-0.22,-0.15,1.92,0.62,0.38,3.58,5.12,12045237559.10831,5349290000.0,9738492030.991735,0.5305,0.278,0.4016,0.382,0.4691,1.109,0.6424,5.0,1,Pessimo,9.41,7.68,13.62,1.11,9.12,-59.71,-67.11,-41.67,-95.23,-60.96,3.71,0.0,23.35,1.06,1.04,23.53,24.28,11.71,22.98,22.35,23.0,7.3,50368047
BALM3,Baumer SA,Saúde,Equipamentos,Equipamentos,22.0,178849960.0,100.0,4900000.0,15.38,11.26,1.52,1.7412550218217155,0.87,-3.36,1.88,7.26,5.28,4.51,3.28,13.47,7.75,13.08,0.7,63.85,23.53,17.11,11.02,-0.25,-1.22,-0.88,2.69,0.45,0.58,5.57,5.84,102713248.63883848,11319000.0,24634980.716253445,0.0,4.6394,0.0,0.1334,0.0629,0.085,0.295,4.0,1,Pessimo,29.84,24.36,56.39,2.44,14.49,35.63,10.74,156.33,-88.89,-34.15,17.13,0.0,22.0,2.31,2.31,22.0,29.05,18.36,22.0,9.52,22.0,1.24,297
BALM4,Baumer SA Preference Shares,Saúde,Equipamentos,Equipamentos,15.93,196488270.0,200.0,4900000.0,26.68,6.49,0.88,1.912978827988338,0.5,-1.94,1.08,4.18,3.04,4.51,3.28,13.47,7.75,13.08,0.7,63.85,23.53,17.11,11.02,-0.25,-1.22,-0.88,2.69,0.45,0.58,5.57,5.84,102713248.63883848,11319000.0,47006763.15789474,0.0,4.9982,0.0,0.1334,0.0629,0.1025,0.295,4.0,1,Pessimo,29.84,24.36,70.84,2.44,15.53,87.31,52.94,344.67,-84.65,-2.49,17.13,0.0,15.93,2.31,2.31,15.93,20.9,13.42,14.9,6.89,14.9,0.72,1197
BAUH4,Excelsior Alimentos SA Preference Shares,Consumo não Cíclico,Alimentos Processados,Carnes e Derivados,95.1,487703300.0,300.0,2375293.0,0.0,21.33,3.18,3.6751955966818506,2.23,-5.18,7.63,22.76,17.69,0.0,0.0,14.9,10.47,9.88,1.34,24.24,9.46,7.35,7.84,-0.52,-3.69,-2.87,2.06,0.3,0.7,8.24,-0.49,132701318.1122449,10403783.34,21428088.752196833,0.0,1.2356,0.8189,1.2093,0.0,0.0,0.858,3.0,1,Pessimo,53.81,43.93,0.0,4.36,11.45,-43.42,-53.8,-100.0,-95.42,-87.96,29.38,0.0,95.1,4.38,4.38,95.1,95.1,70.14,95.1,21.72,95.1,1.67,3
BAZA3,Banco da Amazonia SA,Financeiro e Outros,Intermediários Financeiros,Bancos,77.7,4355730515.0,5800.0,168174945.0,17.53,4.52,0.53,0.2186385660298148,0.06,-0.06,65.99,9.52,0.0,9.52,0.0,11.77,1.31,0.0,0.1,1.1,0.0,6.05,12.73,0.0,0.0,0.0,0.0,0.89,0.11,46.47,26.06,19922059470.542027,2536078170.6,457534717.9621849,11.9435,8.0123,6.6252,5.3298,6.8699,2.5984,3.5848,5.0,1,Pessimo,208.51,170.24,227.01,19.01,91.72,168.35,119.1,192.17,-75.53,18.05,128.13,0.0,77.7,15.08,15.08,78.62,78.62,54.98,77.0,5.15,78.47,0.58,3303
BBAS3,Banco do Brasil SA,Financeiro e Outros,Intermediários Financeiros,Bancos,24.64,141207696982.0,38595900.0,5730834040.0,3.03,8.39,0.69,0.4284416279193602,0.05,-0.05,2.17,19.28,0.0,19.28,0.0,8.27,0.59,0.0,0.13,30.86,0.0,2.03,4.66,0.0,0.0,0.0,11.58,0.93,0.07,26.49,2.97,329584446935.6223,15358635227.2,7324050673.340248,0.5641,1.1829,2.6129,2.2877,2.0853,1.1331,0.7386,5.0,1,Pessimo,44.25,36.13,12.44,2.76,27.89,79.58,46.63,-49.5,-88.8,13.19,32.47,0.0,24.64,2.68,2.5,24.85,27.36,17.67,24.28,9.86,24.47,0.39,44532087
BBDC3,Banco Bradesco SA,Financeiro e Outros,Intermediários Financeiros,Bancos,19.02,227544230226.0,24469000.0,5303870781.0,8.98,6.81,0.92,1.5163475728678648,0.07,-0.07,0.88,6.49,0.0,6.92,0.0,13.56,1.0,0.0,0.12,27.13,0.0,8.6,8.2,0.0,0.0,0.0,6.7,0.93,0.07,22.38,8.93,150060734291.70734,12304980211.92,35060744256.70262,1.6841,1.246,0.8333,0.9164,0.3857,1.3106,0.2652,5.0,1,Pessimo,29.89,24.4,28.47,2.53,13.77,57.13,28.29,49.67,-86.71,-27.6,17.11,0.0,19.02,2.32,2.34,19.21,20.24,13.44,18.7,8.14,19.09,0.56,13246460
BBDC4,Banco Bradesco SA Preference Shares,Financeiro e Outros,Intermediários Financeiros,Bancos,21.61,227544230226.0,77677000.0,5288141247.0,8.69,7.71,1.05,1.5208579366401591,0.08,-0.08,0.99,7.35,0.0,6.92,0.0,13.56,1.0,0.0,0.12,27.13,0.0,8.6,8.2,0.0,0.0,0.0,6.7,0.93,0.07,22.38,8.93,149615703573.65854,12268487693.039999,30958398670.204082,1.8491,1.359,0.9166,1.008,0.4243,1.4417,0.2917,5.0,1,Pessimo,29.89,24.4,31.3,2.53,15.11,38.29,12.92,44.83,-88.31,-30.06,17.11,0.0,21.61,2.32,2.34,21.82,23.0,15.65,21.31,9.24,21.7,0.63,56664260
BBSE3,BB Seguridade Participacoes SA,Financeiro e Outros,Previdência e Seguros,Seguradoras,40.82,79247906587.0,19587400.0,1941400000.0,10.89,8.91,7.52,0.0,3.73,-5.97,77.0,8.21,0.0,8.87,0.0,84.38,41.91,33.33,0.0,0.0,0.0,0.0,0.0,0.6,0.66,0.0,1.15,0.5,0.5,0.0,19.0,0.0,9182822000.0,9652607379.65895,4.5901,4.2623,2.6522,3.4862,1.9661,0.997,4.1384,5.0,1,Pessimo,24.43,19.95,74.09,5.63,48.62,-40.14,-51.13,81.5,-86.21,19.1,5.61,0.0,40.82,4.73,4.73,41.39,42.98,28.06,40.62,8.62,40.95,0.0,6525553
BDLL3,Bardella SA Indstrs Mcncs em Rprc Jdcl,Bens Industriais,Máquinas e Equipamentos,Máq. e Equip. Industriais,4.5,5932966.0,0.0,607192.0,0.0,-0.37,-0.03,0.269582,0.02,-0.03,-0.04,-0.3,-0.3,-7.46,-7.61,-7.47,-5.16,90.18,0.07,-5.17,-89.17,-91.0,-72.86,0.0,-7.21,-7.36,0.4,1.69,-0.69,18.73,0.0,22008019.82328197,-16035043.243243244,-19776553.333333336,0.0,0.0,0.0,0.0,0.0,0.0,0.0,0.0,0,Pessimo,211.4,172.61,0.0,-12.18,0.0,4597.89,3735.81,-100.0,-370.67,-100.0,-163.08,0.0,4.5,-12.18,-9.74,0.0,9.9,4.1,0.0,0.0,0.0,0.27,857
BDLL4,Bardella SA Indstrs Mcncs em Rprc Jdcl Preference Shares,Bens Industriais,Máquinas e Equipamentos,Máq. e Equip. Industriais,3.25,5932966.0,0.0,992808.0,0.0,-0.27,-0.02,0.19672200000000004,0.01,-0.02,-0.03,-0.21,-0.22,-7.46,-7.61,-7.47,-5.16,90.18,0.07,-5.17,-89.17,-91.0,-72.86,0.0,-7.21,-7.36,0.4,1.69,-0.69,18.73,0.0,30159138.276349362,-21973948.148148146,-28252219.04761905,0.0,0.0,0.0,0.0,0.0,0.0,0.0,0.0,0,Pessimo,211.4,172.61,0.0,-12.18,0.0,6404.77,5211.12,-100.0,-474.77,-100.0,-163.08,0.0,3.25,-12.18,-9.74,0.0,7.4,3.1,0.0,0.0,0.0,0.19,337
BEEF3,Minerva SA,Consumo não Cíclico,Alimentos Processados,Carnes e Derivados,4.5,4502439000.0,33699600.0,1000542188.0,4.95,8.62,2.5,0.07826085486014682,0.08,-0.23,0.45,1.02,0.83,4.71,3.83,29.04,0.98,11.65,1.22,16.83,8.36,6.8,0.8,9.1,3.69,3.0,1.43,0.95,0.03,23.09,-8.03,57531175810.0,460249406.48,4414155882.3529415,0.0311,0.1646,0.0,0.5509,0.5616,1.1214,0.2578,4.0,1,Pessimo,4.04,3.3,3.71,0.42,7.38,-10.14,-26.63,-17.5,-90.6,63.97,1.58,0.0,4.5,0.46,0.46,4.5,7.31,2.97,4.33,9.84,4.46,0.07,24364274
BEES3,Banestes SA Banco do Estado Esprt Santo,Financeiro e Outros,Intermediários Financeiros,Bancos,9.66,3352181269.0,13600.0,254106600.0,7.88,6.95,1.22,0.7904829109475172,0.07,-0.08,0.76,5.64,0.0,5.66,0.0,17.62,1.04,0.0,0.14,28.63,0.0,9.37,7.61,0.0,0.0,0.0,0.0,0.94,0.06,28.74,14.84,4240675190.538765,322715382.0,594358381.0283688,0.4132,0.6459,0.6853,0.6309,0.5834,0.3231,0.2345,5.0,1,Pessimo,14.37,11.74,12.69,1.46,8.62,48.79,21.49,31.33,-84.9,-10.77,7.23,0.0,9.66,1.27,1.28,9.9,9.9,7.13,9.46,7.53,9.58,0.53,12817
BEES4,Banestes SA Banco do Estado Esprt Santo Preference Shares,Financeiro e Outros,Intermediários Financeiros,Bancos,9.55,3352181269.0,4700.0,93397546.0,7.85,7.04,1.24,2.150665980656241,0.07,-0.08,0.77,5.72,0.0,5.66,0.0,17.62,1.04,0.0,0.14,28.63,0.0,9.37,7.61,0.0,0.0,0.0,0.0,0.94,0.06,28.74,14.84,1558671267.0170827,118614883.42,586045676.3986014,0.4132,0.6914,0.5017,0.6309,0.5834,0.3231,0.2345,5.0,1,Pessimo,14.37,11.74,12.49,1.46,8.24,50.51,22.89,30.83,-84.73,-13.76,7.23,0.0,9.55,1.27,1.28,9.99,9.99,7.13,9.54,7.45,9.54,0.54,2980
BGIP3,Banco do Estado de Sergipe SA,Financeiro e Outros,Intermediários Financeiros,Bancos,48.74,985490178.0,100.0,11540870.0,7.16,6.32,1.09,0.9970077017130135,0.08,-0.08,8.58,4.0,0.0,3.46,0.0,17.22,1.29,0.0,0.15,31.92,0.0,13.55,8.57,0.0,0.0,0.0,0.0,0.92,0.08,24.17,25.53,988447908.9848307,84709985.8,246372544.5,3.3186,2.7144,2.1937,2.2431,0.9969,1.1318,0.7118,5.0,1,Pessimo,83.88,68.49,58.16,9.21,27.75,72.09,40.51,19.33,-81.1,-43.06,42.6,0.0,48.74,7.34,7.6,48.74,64.2,28.48,48.74,6.41,48.74,0.54,387
BGIP4,Banco do Estado de Sergipe SA Preference Shares,Financeiro e Outros,Intermediários Financeiros,Bancos,36.14,985490178.0,800.0,11540870.0,13.23,4.63,0.8,0.9970077017130135,0.06,-0.06,6.29,2.93,0.0,3.46,0.0,17.22,1.29,0.0,0.15,31.92,0.0,13.55,8.57,0.0,0.0,0.0,0.0,0.92,0.08,24.17,25.53,988447908.9848307,84709985.8,336344770.64846414,4.4983,2.9858,2.4131,2.4674,1.0966,1.245,0.783,5.0,1,Pessimo,83.88,68.49,79.69,9.21,30.53,132.09,89.5,120.5,-74.5,-15.52,42.6,0.0,36.14,7.34,7.6,36.14,39.22,24.3,35.01,4.75,35.88,0.4,477
BHIA3,Grupo Casas Bahia SA,Consumo Cíclico,Comércio,Eletrodomésticos,0.69,699494397.0,3484900.0,975864785.0,0.0,-0.44,0.22,0.026312000000000002,0.02,-0.04,-0.17,-1.45,1.24,-15.82,13.63,-49.14,-5.11,-11.4,0.85,30.06,2.11,-1.82,-5.98,2.15,-14.38,12.38,0.76,0.9,0.1,1.39,0.0,26584615270.598965,-1589759993.1818182,-482409928.9655173,0.0,0.0,0.0,0.0,0.0,0.0,0.0,0.0,0,Pessimo,0.0,0.0,0.0,-1.57,0.0,-100.0,-100.0,-100.0,-327.54,-100.0,3.2,0.0,0.69,-1.57,-14.11,0.72,5.08,0.29,0.68,0.0,0.7,0.03,11967447
BIED3,Bioma Educacao SA,,,,6.01,162466533.0,2900.0,26633197.0,0.0,0.0,0.0,0.0,0.0,0.0,0.0,0.0,0.0,0.0,0.0,0.0,0.0,0.0,0.0,0.0,0.0,0.0,0.0,0.0,0.0,0.0,0.0,0.0,0.0,0.0,0.0,0.0,0.0,0.0,0.0,0.0,0.0,0.0,0.0,0.0,0.0,0.0,0,Pessimo,0.0,0.0,0.0,0.0,0.0,-100.0,-100.0,-100.0,-100.0,-100.0,0.0,0.0,6.01,0.0,-1.72,6.09,11.0,2.71,5.91,0.0,6.09,0.0,1333
BIOM3,Biomm SA,Saúde,Comércio e Distribuição,Medicamentos e Outros Produtos,7.34,1004496636.0,134800.0,136852484.0,0.0,22.89,2.79,2.6094950019724688,1.48,-3.66,6.99,19.63,12.83,21.42,14.0,12.19,6.45,9.25,0.63,37.62,18.4,12.02,10.31,0.25,1.79,1.17,1.55,0.47,0.53,35.63,0.0,384939091.7555771,39687220.36,51171504.63576159,0.0,0.0,0.0,0.0,0.0,0.0,0.0,0.0,0,Pessimo,3.94,3.22,0.0,0.29,0.0,-46.31,-56.16,-100.0,-96.05,-100.0,2.38,0.0,7.34,0.29,0.2,7.6,10.32,4.82,7.14,36.05,7.15,2.36,47210
BLAU3,Blau Farmaceutica SA,Saúde,Medicamentos e Outros Produtos,Medicamentos e Outros Produtos,12.61,2940803239.0,228800.0,233212121.0,9.55,9.65,0.97,1.6506480981110752,0.56,-1.21,1.52,7.31,4.7,7.21,4.64,10.02,5.81,6.35,0.44,41.34,26.88,17.28,13.09,-0.01,-0.1,-0.07,3.23,0.42,0.58,7.57,-1.67,1781605202.4446144,233212121.0,402298664.7058824,0.1531,0.4615,0.3643,0.4223,0.8497,0.2481,0.0,5.0,1,Pessimo,15.01,12.25,20.07,0.98,6.52,19.01,-2.83,59.17,-92.2,-48.32,10.01,0.0,12.61,1.0,1.0,12.89,12.89,8.22,12.47,12.58,12.68,1.26,285567
BMEB3,Banco Mercantil do Brasil SA,Financeiro e Outros,Intermediários Financeiros,Bancos,58.74,8110932223.0,19100.0,84052790.0,6.31,7.35,2.0,1.252094003082292,0.16,-0.21,0.65,19.88,0.0,21.22,0.0,27.16,2.19,0.0,0.24,45.26,0.0,3.3,8.94,0.0,0.0,0.0,0.0,0.92,0.08,29.99,36.11,6477893994.40716,579123723.1,407994578.6217304,3.1953,1.0831,1.6912,0.6872,0.521,1.1811,0.6238,5.0,1,Pessimo,62.71,51.21,61.77,9.38,16.08,6.76,-12.83,5.17,-84.03,-72.63,25.37,0.0,58.74,6.89,7.03,60.39,73.67,35.58,58.42,8.35,60.39,0.66,6240
BMEB4,Banco Mercantil do Brasil SA Preference Shares,Financeiro e Outros,Intermediários Financeiros,Bancos,75.9,8110932223.0,84600.0,39675836.0,5.73,8.89,2.41,2.652546358477116,0.19,-0.26,0.79,24.04,0.0,21.22,0.0,27.16,2.19,0.0,0.24,45.26,0.0,3.3,8.94,0.0,0.0,0.0,0.0,0.92,0.08,29.99,36.11,3057790940.0447426,273366510.03999996,337393187.312812,3.5102,1.1891,1.8603,0.756,0.5731,1.2992,0.6862,5.0,1,Pessimo,62.71,51.21,72.48,9.38,17.68,-17.37,-32.54,-4.5,-87.64,-76.71,25.37,0.0,75.9,6.89,7.03,76.0,86.77,46.42,73.1,10.8,74.98,0.79,27547
BMGB4,Banco BMG Sa,Financeiro e Outros,Intermediários Financeiros,Bancos,7.0,1637006000.0,1478600.0,233858065.0,9.15,6.13,0.77,0.4899998638062793,0.08,-0.08,-0.15,13.37,-13.61,13.37,-13.61,12.48,1.27,0.0,0.19,33.52,-3.09,3.15,6.86,0.0,0.0,0.0,0.01,0.9,0.1,16.75,15.05,3340829499.9999995,229180903.7,122438743.45549738,0.347,0.4,0.7056,0.1652,0.5556,0.1786,0.25,5.0,1,Pessimo,13.13,10.72,10.68,1.13,6.26,87.59,53.17,52.5,-83.89,-10.52,7.82,0.0,7.0,0.98,1.04,7.07,7.07,3.43,6.8,6.76,6.81,0.42,1629150
BMIN3,Banco Mercantil de Investimentos SA,Financeiro e Outros,Intermediários Financeiros,Bancos,19.5,94766022.0,100.0,4115057.0,2.62,7.35,0.63,1.7371755792135317,0.16,-0.16,89.78,6.13,0.0,6.1,0.0,8.56,2.12,0.0,0.11,-13.02,0.0,23.98,19.99,0.0,0.0,0.0,0.0,0.75,0.25,44.93,39.15,54551781.14057028,10904901.049999999,15459383.686786298,0.5117,0.3537,1.2727,1.2071,0.0,0.0,1.4,3.0,1,Pessimo,42.98,35.09,8.52,3.69,11.76,120.4,79.96,-56.33,-81.09,-39.69,30.98,0.0,19.5,2.65,2.65,19.5,21.49,19.5,19.5,7.35,19.5,1.47,3
BMIN4,Banco Mercantil de Investimentos SA Preference Shares,Financeiro e Outros,Intermediários Financeiros,Bancos,20.49,94766040.0,0.0,710143.0,7.42,7.11,0.61,10.066392100299543,0.15,-0.15,86.84,5.92,0.0,6.1,0.0,8.56,2.12,0.0,0.11,-13.02,0.0,23.98,19.99,0.0,0.0,0.0,0.0,0.75,0.25,44.93,39.15,9414101.80090045,1881878.95,16007777.027027028,1.4,1.4,1.4,1.2071,0.8502,1.9498,1.4,5.0,1,Pessimo,42.98,35.09,25.34,3.69,22.8,109.76,71.26,23.67,-82.0,11.26,30.98,0.0,20.49,2.65,2.65,20.49,25.98,15.9,20.49,7.72,20.49,1.42,107
BMKS3,Bicicletas Monark SA,Consumo Cíclico,Viagens e Lazer,Bicicletas,414.99,188716698.0,511.0,454750.0,34.5,2.88,0.83,14.115743352800854,0.68,-2.45,1.05,-6.82,0.0,-0.35,0.0,28.82,23.68,-29.61,0.05,28.02,0.0,-188.07,445.49,-0.79,6.46,0.0,9.61,0.18,0.82,-7.83,76.45,13369235.560843116,59558607.5,-27671070.087976538,10.0581,133.1292,39.2652,57.7863,17.8776,7.9279,6.0839,5.0,1,Pessimo,1157.22,944.87,2386.19,231.1,727.97,178.85,127.68,475.0,-44.31,75.42,454.44,0.0,414.99,130.97,130.97,415.0,415.0,309.24,370.0,3.17,382.08,12.82,36
BMOB3,Bemobi Mobile Tech SA,Tecnologia da Informação,Programas e Serviços,Programas e Serviços,34.55,2957769118.0,1402700.0,85608392.0,7.56,13.96,2.37,1.5686065140276317,1.1,-3.91,3.77,12.74,9.52,11.1,8.3,16.97,7.91,15.83,0.93,26.63,12.45,9.31,8.49,-0.3,-1.64,-1.22,1.69,0.52,0.47,58.14,34.91,1885602980.4475856,160087693.04000002,232163981.00470957,0.38,3.2845,0.5219,0.2235,0.2024,0.0,0.0,4.0,1,Pessimo,21.5,17.56,43.53,2.52,11.76,-37.76,-49.18,26.0,-92.7,-65.97,10.99,0.0,34.55,1.87,1.86,34.8,34.8,19.35,32.4,18.56,32.4,1.19,924077
BNBR3,Banco do Nordeste do Brasil SA,Financeiro e Outros,Intermediários Financeiros,Bancos,115.24,11374162436.0,200.0,98699749.0,6.34,3.91,0.64,1.0661971654713673,0.13,-0.15,1.14,2.47,0.0,2.47,0.0,16.4,3.4,0.0,0.13,46.18,0.0,40.91,25.85,0.0,0.0,0.0,0.0,0.79,0.21,20.69,22.02,10667972870.638298,2757670987.06,4604924063.157894,6.9319,5.9745,5.969,3.5443,4.4169,4.767,2.6909,5.0,1,Pessimo,327.25,267.2,121.77,34.09,76.01,183.97,131.86,5.67,-70.42,-34.04,170.35,0.0,115.24,27.94,32.73,115.24,122.2,91.85,115.0,3.52,115.0,1.01,137
BOBR4,Bombril S.A Em Recuperacao Judicial Preference Shares,Consumo não Cíclico,Produtos de Uso Pessoal e de Limpeza,Produtos de Limpeza,1.65,429840998.0,36400.0,122894462.0,0.0,4.94,-0.22,0.528682245114574,0.37,-0.7,-2.23,1.76,1.33,2.23,1.69,-4.42,7.48,-11.64,1.9,40.32,14.65,11.06,3.93,0.0,0.68,0.52,0.74,2.69,-1.69,8.44,11.22,813042242.2391857,31952560.12,244227839.77272728,0.0,0.0,0.0,0.0,0.0,0.0,0.0,0.0,0,Pessimo,0.0,0.0,0.0,0.29,0.0,-100.0,-100.0,-100.0,-82.47,-100.0,-5.91,0.0,1.65,0.26,0.26,1.7,2.12,1.16,1.6,6.32,1.63,0.19,35890
BPAC11,Banco BTG Pactual SA Unit,Financeiro e Outros,Intermediários Financeiros,Bancos,81.5,284816094000.0,15111300.0,0.0,2.4,12.51,2.77,3.487788,0.25,-0.25,-0.32,11.23,0.0,11.23,0.0,22.16,1.98,0.0,0.07,21.11,0.0,31.04,27.88,0.0,0.0,0.0,0.01,0.9,0.09,16.36,41.22,81660953590.06912,22767073860.91127,25362074265.36064,1.4201,1.0557,0.7858,0.7452,0.5284,0.4729,0.1551,5.0,1,Pessimo,47.74,38.98,32.6,6.69,10.4,-41.42,-52.17,-60.0,-91.79,-87.24,21.37,0.0,81.5,4.74,1.57,81.5,84.59,44.12,78.35,51.91,78.54,3.49,13647857
BPAC3,Banco BTG Pactual SA,Financeiro e Outros,Intermediários Financeiros,Bancos,27.95,284816094000.0,29100.0,7298813414.0,2.02,14.86,3.29,6.885697620390723,0.29,-0.3,-0.38,13.35,0.0,11.23,0.0,22.16,1.98,0.0,0.07,21.11,0.0,31.04,27.88,0.0,0.0,0.0,0.01,0.9,0.09,16.36,41.22,41363433264.418945,11532125194.12,21334538876.404495,0.4734,0.3519,0.2619,0.2484,0.1761,0.1576,0.0517,5.0,1,Pessimo,15.91,12.99,9.41,2.23,3.47,-43.08,-53.52,-66.33,-92.02,-87.6,7.12,0.0,27.95,1.58,1.57,27.96,46.43,20.44,26.56,17.8,26.56,4.14,11217
BPAC5,Banco BTG Pactual SA Preference Shares Class A,Financeiro e Outros,Intermediários Financeiros,Bancos,26.43,284816094000.0,28900.0,2972355254.0,2.41,12.42,2.75,16.908282443298983,0.25,-0.25,-0.32,11.15,0.0,11.23,0.0,22.16,1.98,0.0,0.07,21.11,0.0,31.04,27.88,0.0,0.0,0.0,0.01,0.9,0.09,16.36,41.22,16844767938.73745,4696321301.320001,25544044304.932735,0.4734,0.3519,0.2619,0.2484,0.1761,0.1576,0.0517,5.0,1,Pessimo,15.91,12.99,10.62,2.23,3.47,-39.8,-50.85,-59.83,-91.56,-86.89,7.12,0.0,26.43,1.58,1.57,26.67,28.51,9.48,26.01,16.83,26.01,3.46,5083
BPAR3,Banco do Estado do Para SA,Financeiro e Outros,Intermediários Financeiros,Bancos,180.0,1642317000.0,0.0,9521649.0,6.88,9.37,0.73,0.4123159911632126,0.08,-0.08,5.9,3.83,0.0,3.83,0.0,7.84,0.82,0.0,0.19,46.05,0.0,10.8,4.42,0.0,0.0,0.0,0.0,0.9,0.1,19.38,-6.1,3983151357.692308,176055290.01,428803394.2558747,7.5176,4.4015,11.0305,3.3389,10.368,10.3581,16.89,5.0,1,Pessimo,313.14,255.68,206.4,17.36,156.63,73.97,42.04,14.67,-90.35,-12.98,235.7,3.95,173.17,18.49,19.66,0.0,172.56,172.56,0.0,9.16,0.0,0.41,0
BRAP3,Bradespar SA,Materiais Básicos,Mineração,Minerais Metálicos,18.55,7841351237.0,166800.0,137989898.0,11.1,12.98,0.94,0.0,0.94,-0.97,36.12,14.42,0.0,15.48,0.0,7.26,7.22,6.48,0.0,0.0,0.0,0.0,0.0,-0.03,-0.48,0.0,5.69,0.01,0.99,0.0,-16.81,0.0,205604948.02,543783026.1442441,0.1911,2.365,1.892,2.9025,2.8189,10.2432,2.5479,5.0,1,Pessimo,26.2,21.39,34.32,1.24,63.25,41.26,15.33,85.0,-93.32,240.96,20.48,0.0,18.55,1.49,1.49,18.91,22.11,15.51,18.5,12.48,18.91,0.0,58130
BRAP4,Bradespar SA Preference Shares,Materiais Básicos,Mineração,Minerais Metálicos,20.62,7841351237.0,5307500.0,255106712.0,10.49,15.12,1.1,0.0,1.09,-1.13,42.08,16.8,0.0,15.48,0.0,7.26,7.22,6.48,0.0,0.0,0.0,0.0,0.0,-0.03,-0.48,0.0,5.69,0.01,0.99,0.0,-16.81,0.0,380109000.88,466747097.4404762,0.8856,2.6015,2.0861,3.1927,3.1008,11.2675,2.8027,5.0,1,Pessimo,26.2,21.39,36.05,1.24,69.59,27.08,3.76,74.83,-93.99,237.47,20.48,0.0,20.62,1.49,1.49,20.91,25.63,16.99,20.52,13.87,20.88,0.0,2907200
BRAV3,Brava Energia SA,Petróleo. Gás e Biocombustíveis,Petróleo. Gás e Biocombustíveis,Exploração. Refino e Distribuição,20.57,9555941462.0,6335300.0,464557268.0,0.69,152.53,0.68,0.7542332117239275,0.2,-0.24,5.69,3.03,0.0,6.85,0.0,0.44,0.13,4.19,0.3,27.86,0.0,22.2,0.44,0.85,3.82,0.0,1.26,0.71,0.29,124.4,0.0,12669743672.727272,55746872.16,3153776060.0660067,0.1236,0.0,0.385,0.0,0.0,0.0,0.0,1.0,0,Pessimo,8.45,6.9,2.37,0.12,1.07,-58.92,-66.46,-88.5,-99.42,-94.8,26.44,0.0,20.57,0.12,0.1,21.0,22.15,13.21,20.36,206.3,20.62,0.67,3724413
BRBI11,BRBI BR Partners SA,Financeiro e Outros,Intermediários Financeiros,Bancos,14.3,1501437100.0,416000.0,0.0,9.65,9.41,1.85,4.491393,0.08,-6.47,2.6,308.37,80.48,43.96,11.47,19.7,0.86,-0.19,0.02,100.0,5.58,1.46,47.73,-1.59,-264.41,-69.01,1.03,0.96,0.04,-23.54,12.45,334292078.2038,159557608.92667374,4868946.719849532,0.36,1.86,1.95,1.32,1.38,0.0,0.0,4.0,1,Pessimo,16.24,13.26,23.0,1.71,18.08,13.55,-7.28,60.83,-88.05,26.46,7.71,0.92,14.17,1.52,0.51,14.3,21.18,11.71,13.94,28.23,14.26,4.49,396299
